{
  "providers": [
    {
      "type": "bitmap",
      "file": "minecraft:font/ranks/aspirant_8px.png",
      "ascent": 7,
      "height": 8,
      "chars": ["\uE000"]
    },
    {
      "type": "bitmap",
      "file": "minecraft:font/ranks/aspirant_9px.png",
      "ascent": 8,
      "height": 9,
      "chars": ["\uE001"]
    },
    {
      "type": "bitmap",
      "file": "minecraft:font/ranks/aspirant_10px.png",
      "ascent": 9,
      "height": 10,
      "chars": ["\uE002"]
    },
    {
      "type": "bitmap",
      "file": "minecraft:font/ranks/aspirant_12px.png",
      "ascent": 11,
      "height": 12,
      "chars": ["\uE003"]
    },
    {
      "type": "bitmap",
      "file": "minecraft:font/ranks/aspirant_16px.png",
      "ascent": 15,
      "height": 16,
      "chars": ["\uE004"]
    },
    {
      "type": "bitmap",
      "file": "minecraft:font/ranks/verified.png",
      "ascent": 8,
      "height": 8,
      "chars": ["\uE005"]
    }
  ]
}