{
  "providers": [
    {
      "type": "bitmap",
      "file": "minecraft:textures/ranks/aspirant_8px.png",
      "ascent": 8,
      "height": 8,
      "chars": ["\uE000"]
    },
    {
      "type": "bitmap",
      "file": "minecraft:textures/ranks/aspirant_9px.png",
      "ascent": 9,
      "height": 9,
      "chars": ["\uE001"]
    },
    {
      "type": "bitmap",
      "file": "minecraft:textures/ranks/aspirant_10px.png",
      "ascent": 10,
      "height": 10,
      "chars": ["\uE002"]
    },
    {
      "type": "bitmap",
      "file": "minecraft:textures/ranks/aspirant_12px.png",
      "ascent": 12,
      "height": 12,
      "chars": ["\uE000"]
    },
    {
      "type": "bitmap",
      "file": "minecraft:textures/ranks/aspirant_16px.png",
      "ascent": 16,
      "height": 16,
      "chars": ["\uE001"]
    }
  ]
}